{
    "loss": 128.80552673339844,
    "accuracy": 0.8647179007530212
}