{
    "loss": 350.38433837890625,
    "accuracy": 0.7464309930801392
}