{
    "loss": 409.6356201171875,
    "accuracy": 0.7912984490394592
}